Date,Post Score,Post Title,Top Comment 1,Top Comment 2,Top Comment 3
2024-09-02,3173,How to avoid 1/2-assed data analysis,1st of February,"and then you set the cell to be a number and it's not 0,5 it's 4729024 for some reason","I see you, too, excel at copy and paste jobs."
2023-01-27,2648,"As a hiring manager - this, this right here",He also has a PhD in mathematics so I'm sure that helped,I‚Äôm assuming he had a strong mathematical/statistical background prior to taking the data science courses.,"How seriously are personal projects taken? I'm trying to transition/move-adjacent from software engineering. Unfortunately, my current team has literally no work in this area and I haven't been able to find a internal move. I'm seeing what I can do over next 6-12 months to improve my resume when things get better"
2024-12-29,2063,My Data Science Manifesto from a Self Taught Data Scientist,"As a stats professor who teaches DS, your point about evaluation is especially important with the rise in generative models. It was already a challenge getting DS students to think critically about the *practical* performance of their models before LLMs, and now model evaluation more important than ever.

While I agree that you don‚Äôt need to memorize all the statistical models and tests as long as you‚Äôre aware of where to find them and how to use them, I‚Äôll add that it‚Äôs equally important to know *when* to reach for them. Too many students struggle with recognizing when a problem calls for statistical testing rather than classification. When all you know is ML, everything looks like a prediction problem.

And communication!!! If you can‚Äôt explain the relevance of your results to laypeople, you‚Äôre not going to be an effective data scientist.","The other big thing you didn't mention is recognizing the importance and different ways to clean and prepare data. Honestly, it shouldn't need to be said, but I just worked under a senior data scientist on a consulting gig that didn't think that step was important at all. I literally facepalmed watching them train a model on a dataset with over 50% null values and duplicates. Understanding the actual meaning and importance behind ""garbage in, garbage out"" should be the absolute bare minimum for any DS","Honestly, this is so refreshing to read and I appreciate you taking the time to write it. Motivating."
2024-07-01,1816,"You're not helping, Excel! please STOP HELPING!!!","Why doesn't someone at Microsoft just spend some time fixing this issue?


 I'd be fine with Excel thinking shit is a date if it only affected the formatting, but it also then changes the actual raw data into a date.
This has been an issue since the 90's how is there still not a ""don't change my raw data"" button?",I have a product code like 12.30. Both tried to convert it into 12.3. Most of the time these helps dont really help. I know what I am trying dont correct me.,Ok this is a meme but Excel is infuriating because of this. I open some csv directly on VS Code and replace characters just so I don‚Äôt need to deal with this bullshit
2024-01-31,1705,Friendly reminder not to work too hard. You'll just get fired,"I'm in HR Workforce management,

Let me tell you, C-Suite usually only ask for Salaries by job profiles. That's it. No engagement scores, performance metrics, Management reviews. Nada. They rarely dig into the specifics of who you are as a person, rather the role you play in the company and what roles are ""expendable"".

It blows my mind how unscientific and how broad the brushstrokes are when they layoff people. It's literally the most awkward and clunky way to save money. It's as if Finance went through a car and started tearing up things they don't need with 0 knowledge of how a car actually works. For the most part they will 100% save money, but in the long term, that car will fall apart and the remaining pieces are overworked and fail sooner. Taking off hubcaps, spare tires, air caps....","I agree. I'm going through something similar as well. Worked my ass off to help build a company since 2019, and then throughout the pandemic, for that company to just say that my performance is poor last year and they are unable to give me any promotion or increment.

Then, they switched my job scope to something outside of my role (I know, this is a way for them to ""fire"" me without firing me). And I couldn't take it, so I decided to quit, and the company was happy to sign me off.

5 years of hard work, day and night, and on weekends too (especially during the pandemic when everyone was stuck inside) and it all summed up to them quietly kicking me out.","I lost my job three times in a row, so I think loyalty is overrated."
2025-04-04,1685,I dare someone to drop this into a stakeholder presentation,"Absolute comedy making epsilon arbitrarily 4 then making phi equal 0.25

And then going on twitter and saying ‚Äúit‚Äôs not actually (exports - imports) / (imports), it‚Äôs actually (exports - imports) / (4 * 0.25 * imports)

Fucking hell",">Assuming that offsetting exchange rate and general equilibrium effects are small enough to be ignored,¬†


ü™Ñüåàü¶Ñü§°","Then make sure to ask the stakeholders ""Have you said thank you once?"""
2025-05-02,1530,Tired of everyone becoming an AI Expert all of a sudden,People in my sales department are still too dumb to use it thankfully.,Tell the sales manager how their job can be automated out with AI with a prompt teehee,"Reasonable crash out, seriously. And then these people get into a hissy fit being offended and all that when told their line of thinking on this aspect is extremely stupid.

I thank God all the time the non-technical people in my team actually give the technical people their due respect and aren't pretentious, presumptuous ignoramuses. At the end of the day, we're all experts at different things, I rely on the domain knowledge of my non-technical colleagues as much as they rely on my technical skills to do this whole data science thing."
2024-02-27,1394,Data scientist quits her job at Spotify,You can‚Äôt manage a pushy stakeholder unless your boss supports you.,"> How do you manage a ‚Äúpushy‚Äù stakeholder?

I'm a SWE, not a data scientist, but my answer for a case like this is quite simple.

Me: ""I'm struggling to meet the demands here. My understanding is that this is a very important and high priority initiative, is that right?""

Stakeholder: ""Yes, it's very high priority and urgent.""

Me: ""So why am I the only person who's working on it? Can we get more resources?""

Then the stakeholder is forced to either backtrack and admit that the urgency and priority isn't as high as they're making it out to be, or else is forced up the chain of command to provide additional resources.

If this seems confrontational, _it is_. If you work at a place where you feel afraid to have a direct conversation like this, you need to get out regardless.","This is not uncommon, especially for data scientists embedded into non-data teams as she was. Ultimately, stakeholders dont understand the time silent work takes (interpreting requirements, sourcing or even extracting data, due dilligence in data interpretation, data processing, storytelling, generating visualizations) as its outside their domain and have their own prios/deadlines to worry about. Tbf, I‚Äôm a DS and cant even properly estimate how long a request will take unless using data I produced or am super familiar with.¬† ¬†¬† ¬† ¬†¬†

Add on top, managing changing requirements and the enormous level of context switching between trying to do deep work and sporading meetings in all levels of the org (your immediate stakeholders, your team, company-wide, etc) and Slack messages.¬†So, data scientists are asked for work beyond the time or mental bandwidth they have.¬†¬† ¬† ¬† ¬†¬†

The DS role can be VERY ambiguous and unstructured (even in good companies like Spotify), stories like this are the unfortunate consequence. I‚Äôm personally preparing myself to transition to slightly more structured job types within tech because each of my DS roles is completely different from the next, including in the tasks I do or the knowledge I‚Äôm expected to have."
2025-03-24,1240,"""Hey, you have a second for a quick call? It will just take a minute""","Ah yes the ""quick data pull"" which somehow turns into almost a week of troubleshooting and trying to get everything processed without having somebody cancel your job because it's taking too long and they need the resources for something higher priority.",I'm on that meme and I don't like it,I hate quick calls
2025-05-10,1190,I am a staff data scientist at a big tech company -- AMA,PhD worth it or not?,How do I make it as a data analyst at a start up where you‚Äôre the only person who cares about causal inference instead of millions of dashboard?,"Favorite models, is sticking to the basic ones more interesting since data quality matters most ?

Do you see the field being replaced by AI like it's been claimed so many times, in 5 to 10 years or even ever ?

Thank you  for the AMA !"
2023-05-15,1167,I investigated the Underground Economy of Glassdoor Reviews,"Very thorough analysis OP. I wonder if there‚Äôs a similar effect with college rankings. I don‚Äôt know if universities put their thumb on the scale as much, but I think the perception aspect plays into that kind of admissions marketing",Incredibly thorough analysis. And that's why I don't trust Glassdoor at all,This is a great investigation. Wow.
2023-12-04,1137,What opinion about data science would you defend like this?,The DS world is littered (not all of course) with computer scientists with poor understanding of statistics/math and statisticians/mathematicians  with poor understanding of computer science. I‚Äôm talking at least foundational understanding. Both will put out either bad models or inefficient coding.,"Deep learning is frequently overkill for practical problems in industry, and often used in place of knowing the correct bit of applied math.",Your communications skills will take you much farther in your DS career than your technical skills
2023-02-27,1117,"When Pandas.read_csv ""helpfully"" guesses the data type of each column","If you open it in Excel first, he'd be Agent January 7th",The further I get into ML and data engineering the more I start to understand strongly typed languages. When I can I use parquet or other formats that store the data type with the data.,That dummy 1 is obviously a float not an int.
2025-05-09,1088,Client told me MS Copilot replicated what I built. It didn‚Äôt.,Let them move that model to prod and see the world burn üòÇüòÇüòÇ,A horrible client. Penny wise but pound foolish,I know AI tools and CoPilot are sexy right now but it‚Äôll be interesting when the pendulum swings back to expertise for orgs with the cash to help clean up their wrecked environments from vibe coding.¬†
2024-10-08,1083,A guide to passing the A/B test interview question in tech companies,"I also give many interviews that cover AB testing, this is a generally really solid guide! I also tend to ask about managing pre-experimental imbalance (like, say, CUPED though I dont care about that specifically), Bayesian approaches to AB testing, and framing AB testing analysis as a regression task.

> Let‚Äôs say that your AB test is concluded and your chosen p-value cutoff is 0.05. However, your success metric has a p-value of 0.06. What do you do?

If I asked this I'd hope for an answer like ""who cares lol, just launch it.""

Another question - the success of this experiment is a necessity for the promo doc of someone above you. How do we analyze a negative result until its positive ;)?","How do you estimate your effect size, or where do you typically get your effect size?",">¬† Let‚Äôs say that your AB test is concluded and your chosen p-value cutoff is 0.05. However, your success metric has a p-value of 0.06. What do you do?

>¬† Some options are: Extend the experiment. Run the experiment again.


Is this p-hacking?"
2024-02-19,1063,The BS they tell about Data Science‚Ä¶,Wait... who's paying Analysts 90küßê,The real bs is we can start right here lol,Meanwhile to anyone outside of the US these salaries are absolutely insane. Glassdoor says the average DS in the UK makes ¬£52k which is around $65k.
2023-03-23,1028,Very simple guys. This is the way to go.,"I love when people who have a relevant degree and internships followed by years of experience tell you that you don‚Äôt need those things to land a job. 

So, how much is his course?","I mean that would be great, if it was any less than a crapshoot to land a legit entry level DS/DA job with no Bachelor‚Äôs degree or other relevant experience.

No you don‚Äôt need a degree to learn the skills necessary to do the job. Yes college is overpriced and often behind the curve on new skills/tech. And yes I know people who have had this turn out well for them. But being able to do the job is not the same as being able to land the job, and with the competition in the space right now I think young aspiring DS/DAs should approach this advice with caution.

I notice that a lot of the loudest voices saying you don‚Äôt need a degree are the ones who have an alternative to promote. I wonder why that is?","It‚Äôs very r/restofthefuckingowl kind of advice. 

Competition at entry-level is very fierce, a lot of companies won‚Äôt even consider an applicant without a degree."
2024-10-18,981,the R vs Python debate is exhausting,I learned both. Now the war is inside me.,"Use the best tool for the job. Learn both, master one. They both have staying power, huge user bases, and a massive package ecosystem, so neither is going anyplace anytime soon.","To play devil's advocate as someone who would tell you to learn Python over R if you asked me: the support for advanced statistical methods in R out of the box is great. Python isn't even close to matching it. Learning some R has absolutely helped me continue my statistics self-education, because most of the best books use R. They both have a place."
2024-09-09,957,An actual graph made by actual people.,"Bar Charts (which this essentially is) can be very misleading when the y-axis does not start at 0.

Edit: spelling",A woman from the India is as tall as the knee of a woman from Latvia?!,"Imagine Dutch women, at 5'7+ they are roughly 7 times taller than Indian women, I have never realized that..."
2024-05-05,909,Just talked to some MDs about data science interviews and they were horrified.,"I hate live coding and take home projects as much as the next person, but I don‚Äôt think comparing DS interviewing with MD interviewing makes much sense. MDs all go through a much more rigorous training, with credentialing, standardized testing, and peer review before getting to the job market. There‚Äôs just a baseline level of quality that can be expected of an MD that can‚Äôt reasonably be expected of all DS. It can reasonably be expected that any doctor has some set of medical skills. If a DS says they know something, it‚Äôs far less certain that they actually do. Now, there is certainly a subset of DS where these expectations hold, but not all employers can/will hire from that pool.","I‚Ä¶ don‚Äôt really understand the horror since a huge part of physician training involves being ‚Äúpimped‚Äù (not my term), which is exactly this - being asked on the spot for medical knowledge.¬†","As both a physician and data scientist, I'll say I wish physician interviews had at least some element of testing your professional capability. It's strictly a popularity contest (or rather, employers gauging how much they can exploit a candidate), with basically no evaluation of how high-quality your care will be."
2025-02-15,895,Data Science is losing its soul,"This is mostly caused by the incorrect illusion that LLMs have perfect accuracy in _everything_ 

At data orgs in small to mid sized companies, importance of offline evaluation and dataset construction is losing ground to throwing autoML pipelines at datasets with heavy sampling bias and LLM workflows with magic prompts that are blindly applied for domain specific tasks etc. 

I think due to above reason there‚Äôs the risk of DS products failing even more often and DS teams may start to get outsourced :(","I think you're missing the signals of this happening in politics worldwide. People are increasingly trapped in a race against time to profit as quick as possible.¬†


There is so much that can be said on this topic but for now this trend does not seem easily reversible and might even accelerate.","The DS team I‚Äôm in is exactly what you‚Äôre describing, except it is not a choice from leadership but due to the team‚Äôs statistical knowledge incompetency and motivation. Time spent on projects are 80% swapping frameworks, 20% building flashy frontend / visuals. No baseline benchmarks, no feasibility test, no repeatable experiments, no way to attribute ROI on projects without educated guess. Only quick and dirty prototype, quick wins.

Don‚Äôt get me wrong. I do believe it is a challenge to earn trust for DS teams and business always require numbers to keep the team alive year after year. So I have made the switch internally to the engineering team to productionize their ‚Äúmodel‚Äù because I might as well learn and earn the title of engineering properly if it is all I‚Äôm appreciated for. I personally do not want to sacrifice the science bit of my work."
2023-09-27,894,LLMs hype has killed data science,It will pass. 90% of our entire collective economy/society is built to do absolutely useless and random stuff anyway. Let them play & waste their money while pretending to do something meaningful/useful with their lives. They will get bored soon enough.,"Where I work, we closed a deal with Google to use absurd amounts of compute to build foundational models for synthetic biology. Basically LLMs for DNA and RNA engineering. There's no FOMO, just a lot of enthusiasm.","Amid all the criticism of mgmt pushing LLM based work on DS teams, I‚Äôd like to offer the counter point. The FOMO is mainly driven by two factors I think

1. What used to be months of work collecting labeled data, training and fine tuning models, deploying on kubernetes at scale, is currently just an API call away for many NLP problems. This tremendously speeds up development and requires a much smaller team to develop and maintain. Being lean is all the rage in the business world, hence the interest to capitulate on this

2. Endless ‚Äúthought leadership‚Äù on how GenAI will disrupt and transform entire industries so everyone is afraid their business would get completely obliterated. The utter and complete destruction of the print media with the rise of the smartphone is fresh in most senior management‚Äôs memory and they don‚Äôt want the same thing happening to them this time. 

I say use this fomo to your advantage. If you can curry favour from senior leadership by building one of their project on the side, it‚Äôll help your career in the long run."
2024-03-05,887,Everything I've been doing is suddenly considered AI now,Ride the wave üåä just make sure to have savings when it crashes,"IMO, the greatest achievement of AI is companies convincing others that everything is the product of AI.","10+ years ago it was all ""Big Data"".

Most of it still is.

And much it was also AI at the time.  The technical definition of AI is pretty broad."
2025-01-28,883,NVIDIA's paid Generative AI courses for FREE (limited period),I think i am gonna sign up multiple courses with multiple google accounts,"Thanks, I‚Äôm good though. Waiting for the DeepSeek courses to drop.","just to restate, you only get one. I didn't read the full post, still super cool though"
2025-02-27,881,DS is becoming AI standardized junk,"Looking for a job is a nightmare. I compete with 200 other people out of whom 180 submit the same prepackaged solutions. Because no employer wants to actually work on a better hiring process, everyone just uses prewritten scripts with no anomaly detection or hypothesis testing. Because no one wants to actually screen candidates, you now have to apply at 50 places at once, and because those companies are so widely spread out in what they do, it's best to just ask ChatGPT for the libraries and skip straight ahead to the SotA model instead of actually work to solve the problem. And because you have to work a job while you are given homework for your job application, you just use the default metrics someone else got to pick this model, regardless of its influence on the task. Companies really no longer want to put an effort into hiring the right candidate. Job applications are turning into a low quality, copy paste rats race.",Why you ask 200 applicants to do the take home task?,Why should people add extra work to their 9 to 5 job for an interview? I believe the interview process itself encourages this type of behavior with trivia questions and extra work with no remuneration.
2023-03-17,883,I hire for super senior data scientists (30+ years of experience). These are some question I ask (be prepared!).,I'm surprised you don't ask if they can fix your mom's computer and build you a web page too.,"Weirdly at the end of my physics degree we had a module that was basically ""if you're gonna call yourself a physicist normal people are gonna expect you to just know..."" that wasn't a million miles away from this kind of thing",Is this a reference to some odd post in this sub lately? Cause I quickly skimmed through and haven't found any.
2023-05-17,866,"I posted for a Data Analyst, this is what you are competing against","So I guess the obvious takeaway is that there's just a ton of noise to sift through, which has definitely been my experience when reviewing resumes for remote data science positions.

But another takeaway is that you got (at least) 4 properly-qualified applicants and another 2 maybe-overqualified applicants from 12 hours' worth of applications. So if you left the posting up for a week, you'd probably get more qualified applicants than you'd ever want to interview, albeit not until after wading through 1000+ obviously unviable ones.",[removed],">Two were overqualified. Their experience was legitimately as data engineers. I assume they actually read the posting, so they remain in consideration, but their skills are beyond the specifics I need. I can't justify paying them more unless I can find ways that benefit the org to use those extra skills. I assume they will drop themselves from consideration when we talk more, so if I were in a time crunch, I would cut them from my list. Wishful thinking on getting a unicorn isn't a good use of my time.


As someone who has been searching for a new gig for 10 months after going to grad school for statistics and 6 years of experience in the field, this is infuriating."
2024-12-13,865,"0 based indexing vs 1 based indexing, preferences? ","In Scala, some objects are 0-indexed and other objects are 1-indexed. After getting through that module in grad school, my only strong opinion is that a language should be consistent.","0 index means no offset means first item, comes from the fact that array index under the hood is an offset from a pointer pointing to the first element.","0 is idiomatic in the vast majority of languages and if you want to bring 1 based indexing you are going to need a VERY compelling reason. There are tradeoffs and neither 0 nor 1 based are strictly superior, so defer to the idiom.

An interesting history lesson about this topic: https://exple.tive.org/blarg/2013/10/22/citation-needed/"
2023-04-06,865,"Ever disassociate during job interviews because you feel like everything the company, and what you'll be doing, is just quickening the return to the feudal age?","If morality is something your struggling with, consider applying for a government job. I am generalizing, but typically government jobs are not about making money, they‚Äôre about providing a public service. Some people will say that government workers are lazy and selfish, but that is not true for everyone. Many government workers really care about providing a service and putting tax payer dollars to good use

Edit:
*you‚Äôre",">Isn't that what your real mission is? Even in healthcare, ""We are improving patient lives!"" you mean by lowering everyone's salaries because premiums and healthcare prices have to go up to help pay for this extremely expensive ""high tech"" proprietary medical thing that a few people benefit from?

I work in healthcare.  A lot of the work our team does is around operational efficiency.  Basically helping our healthcare system do more with less and save money here and there.

Yeah the state of healthcare as an industry is a mess, but I don't think that's an argument for not optimizing the system we *do* have.","I felt exactly what you described in many instances.

Just last week I went ""I want to withdraw my application"" and left the interview. I could not stand the falsity, hyoicricy, futility if it all. Here, please let me be your wage slave and help you sell more shit to the detriment of the environment and only for your personal enrichment. 

No, fuck that. There has to be a more dignified way."
2023-03-10,865,"Against all stigma, I love being a SQL monkey!",Some people here for some reason love to bitch and gatekeep. Just ignore them while making bank.,It took me 8 years to get to six figures. What‚Äôs your secret?,"Most of the people looking down on SQL Monkeys can't write good SQL, and don't even really understand complex SQL concepts. They just use the tool du jour to generate shit SQL code"
2025-05-19,856,"Study looking at AI chatbots in 7,000 workplaces finds ‚Äòno significant impact on earnings or recorded hours in any occupation‚Äô","I've found that people at work who have tried to implement AI have swapped out the time they saved using whatever AI tool, with an equal amount of time spent *making corrections and cleaning up the output of the AI tool*.","The article:

BY Irina Ivanova, Fortune - May 18, 2025 at 7:03 AM EDT

AI chatbots have been rolled out across hundreds of white-collar workplaces, but on average, their effect on hours and pay has been negligible, according to a National Bureau of Economic Research working paper linking AI use to corporate records in Denmark. On average, employees saved 3% of their time, while just 3%-7% of their productivity gains came back to them in the form of higher pay.

Since OpenAI rolled out ChatGPT just over two years ago, AI chatbots have become the fastest-adopted technologies in history, rivaling the PC three decades ago. Their popularity has created and destroyed entire job descriptions and sent company valuations into the stratosphere‚Äîthen back down to earth.¬†

And yet, one of the first studies to look at AI use in conjunction with employment data finds the technology‚Äôs effect on time and money to be negligible.¬†

‚ÄúAI chatbots have had no significant impact on earnings or recorded hours in any occupation,‚Äù economists Anders Humlum and Emilie Vestergaard wrote in a National Bureau of Economic Research working paper released this week.¬†

Humlum, an assistant professor of economics at the University of Chicago‚Äôs Booth School of Business, and Emilie Vestergaard, an economics PhD student at the University of Copenhagen, looked at 25,000 workers across 7,000 workspaces, focusing on occupations believed to be susceptible to disruption by AI: accountants, customer support specialists, financial advisors, HR professionals, IT support specialists, journalists, legal professionals, marketing professionals, office clerks, software developers, and teachers. 

They pulled records from Denmark, a country whose rates of AI adoption as well as hiring and firing practices are similar to those in the U.S. but where record-keeping is far more detailed, allowing the study to anonymously match survey responses to records of actual hours and pay.

On average, users of AI at work had a time savings of 3%, the researchers found. Some saved more time, but didn‚Äôt see better pay, with just 3%-7% of productivity gains being passed on to paychecks.¬†

In other words, while they found no mass displacement of human workers, neither did they see transformed productivity or hefty raises for AI-wielding superworkers.

‚ÄúWhile adoption has been rapid, with firms now heavily invested in unlocking the technological potential, the economic impacts remain small,‚Äù the authors write.

Productivity, interrupted

The findings might be a surprise against the backdrop of aggressive corporate adoption of AI: from Duolingo replacing its contract workers with AI to Shopify decreeing it will only hire humans as a second choice to AI. Meanwhile, investors have been bidding up shares of companies involved in AI.¬†

But the NBER paper doesn‚Äôt mean that earlier findings of AI‚Äôs productivity boost have been wrong, said Humlum‚Äîjust incomplete.

Most of the earlier research has focused ‚Äúexactly on the occupations where the time savings are largest,‚Äù Humlum told Fortune. 

‚ÄúSoftware, writing code, writing marketing tasks, writing job posts for HR professionals‚Äîthese are the tasks the AI can speed up. But in a broader occupational survey, where AI can still be helpful, we see much smaller savings,‚Äù he said.

Other factors that explain AI‚Äôs overall ho-hum impact include employer buy-in and employees‚Äô own time management.

‚ÄúI might save time drafting an email using a large language model, so I save some time there, but the important question is, what do I use that time savings for?‚Äù he said. ‚ÄúIs the marginal task I‚Äôm shifting my work toward a productive task?‚Äù¬†

Workers in the study allocated more than 80% of their saved time to other work tasks (less than 10% said they took more breaks or leisure time), including new tasks created by the use of AI, such as editing AI-generated copy, or, in Humlum‚Äôs own case, adjusting exams to make sure that students aren‚Äôt using AI to cheat.¬†

There‚Äôs also the fact that real workplaces are much messier than structured experiments.¬†

‚ÄúIn the real world, many workers are using these tools without even the endorsement of the boss. Some don‚Äôt even know if they‚Äôre allowed to use it; some are allowed but not really encouraged to use it,‚Äù Humlum said. ‚ÄúIn a workplace where it‚Äôs not explicitly encouraged, there‚Äôs limited space to go to your boss and say, ‚ÄòI‚Äôd like to take on more work because AI has made me more productive,‚Äô‚Äù let alone negotiate for higher pay based on higher productivity.

And of course, employees might not want to advertise how much more productive AI has made them, especially considering the well-trod adage that the reward for efficient workers is more work.¬†

Some of the findings around hours and pay in workplaces where AI isn‚Äôt used ‚Äúsuggest that workers are not exactly knocking on the boss‚Äôs door asking for more work,‚Äù Humlum said.¬†

Great expectations, mid results

The NBER paper comes on the heels of other indications suggesting that AI‚Äôs potential, while tremendous, has been vastly overstated in the media and the market. 

Payment processor Klarna, which made waves last year when it revealed it stopped hiring humans in favor of a super-productive AI, recently tempered its rhetoric. 

An IBM survey of 2,000 CEOs revealed that just 25% of AI projects deliver on their promised return on investment. The main driver of adoption, it seems, is corporate FOMO, with nearly two-thirds of CEOs agreeing that ‚Äúthe risk of falling behind drives them to invest in some technologies before they have a clear understanding of the value they bring to the organization,‚Äù according to the study.

Nobel laureate Daron Acemoglu, who has extensively researched automation and labor, estimates AI‚Äôs productivity boost at approximately 1.1% to 1.6% of GDP in the next decade‚Äîa sizable boost for an advanced economy like the U.S., but far from the doubling of GDP some technologists have predicted.¬†

The danger with AI is that ‚Äúthe hype will likely go on for a while and do much more damage in the process than experts are anticipating,‚Äù he wrote for Fortune last year. In fact, ‚Äúgetting productivity gains from any technology requires organizational adjustment, a range of complementary investments, and improvements in worker skills, via training and on-the-job learning,‚Äù he said.

That‚Äôs a finding backed up by Humlum and Vestegaard, whose paper showed greater productivity gains when employers encouraged AI use and trained workers in it.¬†

It could also be just a matter of time. After all, the Industrial Revolution went on for a century, transforming how people lived and worked long after the invention of the steam engine.¬†

‚ÄúIt took a couple decades to see that we can have an assembly line powered by electricity instead of having everything run centrally via a steam engine,‚Äù Humlum said.¬†

Did your workplace make our list of the 100 Best Companies to Work For? Explore this year's list. 

About the Author

Irina Ivanova is the deputy U.S. news editor at Fortune.","No shit, our productivity just goes up and there's no reward for it. If anything, wages are down."
2024-12-15,846,Data science is a luxury for almost all companies,Cost center vs profit center,"I would be doing projects of small, incremental gains, but being the only person that knows SQL, I am instead a human interface to SQL for all the people that need to make ""data driven decisions."" I am a very, very expensive analyst.","I think this is kind of a narrow view of what data science is. Data science as a source of business advice and optimization, sure. But that's not the only kind of data scientist. For my company predictive models are a core part of the product, so it's not really a luxury."
2023-11-02,848,I applied to 250 jobs and timed how long each one took,"Skimmed this to confirm my confirmation bias: Workday resume parser is incredibly bad (and also, unfortunately, incredibly common).","Workday is maybe worst software created ever.

Very cool project.","Alright. Next steps, how long it takes you to get rejected from each job. If you get ghosted, or which industries are actually hiring."
2025-02-26,844,Is there a large pool of incompetent data scientists out there?,"I mean you are talking about an industry that barely had consensus on what it was for a very long time.

It's still a very broad field with wide range of skills, transitions into adjacent industries, and on the lower end, low barrier to entry. Also. there's gonna be a lot of people who would apply for any open position given the current market as well. 

My advice is to get quick recognizing what you're looking for in a candidate, or poach from teams you meet/already know.","I can merge tables, where do I apply?","The industry is starting to correct, but historically many DS-titled roles were really analytics roles that operate in SQL/excel. Those folks would struggle with coding and Git. Just a different skill set. 

You may have run into this."
2023-02-11,851,"Calling all NLP gurus, Meta is paying top dollar üòÇ",This ad was created by the previous NLP engineer.,BAHAHAHAHA .. after all the recent layoffs they are replacing one man to do all LMAO,"US $?
Or meta $?"
2024-05-03,823,Put my foot down and refused to go ahead with what would amount to almost 8 hours of interviews for a senior data scientist position.,"I've also said no to an organization's extensive interview process and they were similarly baffled.

If it is a position I am very interested in due to the work, pay, etc... I will jump through some hoops... But there IS a limit.

Edit:

To be fair, for my most recent role, I probably spent around 9 hours in total during the interview process across a few weeks.

- Screening call with recruiter ~ 20 mins
- Live coding + general DS topics interview ~ 40 mins
- Take-home Case Study ~ 4 hours
- Case Study review ~ 1 hour
- Informal Dinner with management ~ 2 hours
- Informal introduction to second C-suite exec ~ 20 mins
- Multiple short touch bases with recruiter throughout process ~ 20 mins total

The only reason I was willing to jump through these hoops was because the position genuinely seemed like a fantastic fit for me and the pay was a significant increase from my last job (which I was growing more discontented with every day). And so far... I love my new position and am very happy I was willing to put in the effort.","I just did:

0.5 hour initial interview

Take home project that probably took 2-3 hours

4 back-to-back 0.5 hour interviews

1 hour in person interview to review take home project

So 6ish hours for senior/lead position. Was told they‚Äôd have a decision today so I guess we‚Äôll see üò¨

EDIT: Didn‚Äôt get the job but did get an offer for a position I did 1 30 minute interview for ü•¥ so I guess the moral of the story is be more like OP.

EDIT 2: Appreciate everyone‚Äôs support ‚ù§Ô∏è","I recall a Bloomberg recruiter asking me if I could commit to an interview process with 7 rounds. Not sure if their process is the same, but I was honest and said I didn't have that kinda time. For me, the problem is not so much the time/meetings as it is the maintained stress of the whole ordeal."
2024-12-17,815,"a ""data scientist handbook"" for 2025 as a public Github repo",This is great! Just lost my job. I need to start preparing for interviews. Thanks for sharing!,"It's rather convienient that all the paid content is to your own work, huh?

This is just disguised self-promotion with some of the best known resources on the internet linked.","Looks useful, thanks dude"
2024-03-11,797,Turns out my best data science work is helping Redditors get jobs...,I‚Äôve mentored a few friends into getting better jobs and careers than myself. They were starting at nothing. Somehow I can‚Äôt figure out how to do this for myself.,Are you looking to help more people lol?,What would be your advice for a new grad seeking roles in the market?
2024-03-20,788,A data scientist got caught lying about their project work and past experience during interview today,"We hired a junior Analyst who leaned into data science at a Fortune 100 company. Incredibly bright but couldn't stick with an idea long enough to produce work product so we were starting a pip when they quit. 

Three years later, they are a VP at a Fortune 10. I've been sent their resume by a few colleagues who had him in their hiring pools for feedback. There isn't an ounce of truth from our time together. It lists management of teams that didn't exist, projects the individual never worked on, experience the person never demonstrated etc.

Yet it worked. This person had three jobs before getting the VP role but seems to be doing well for themselves.

It's why both technical and behavioral interviews are important.","I‚Äôve been in IT/data for 25+ years. From my anecdotal experience, your case is the norm and not an outlier. It‚Äôs human nature. 

It‚Äôs why we have phone interviews and in-person interviews. 

p.s. ROI numbers on resumes are the stupidest thing to happen in the last ten years.","I mean to be fair, many companies are also blatantly lying about their work culture, workload and other important facts. I guess it's all about navigating through the bullshit and lies in a interview process, which goes both ways. I always try to stay suspicious as a interviewer aswell as an interviewee."
2024-05-13,774,Just came across this image on reddit in a different sub.,Looked really weird until the PHD. I guess that‚Äôs a thing people can do,"Well, it's 4 years later, how did things turn out?  I guess they went into industry?

Edit: Yep, finance.  Not surprised.","Me with <3 GPA, that too from a low tier college and no work experience. 

I'm never making it out of the hood with this one."
2024-05-03,758,"Tech layoffs cross 70,000 in April 2024: Google, Apple, Intel, Amazon, and these companies cut hundreds of jobs",I graduated in 2008. I had to do a non tech job for 2 years until the jobs came back. I‚Äôm making 200k now. You can bounce back.,"If you read the article, these are mostly jobs in sales and marketing. They might be tech companies, but not every job is a tech job.","To the uninitiated, those seeking ds jobs, this might sound like a bad thing but don't fret.

This is standard procedure at large companies like this. 

Keep pushing."
2025-05-05,742,"Please, for the love of god ... just give me something!!",Ah but have you considered a new linear regression plot that says your efficiency is up?,How about an AI agent that responds to emails from the executive team?,"I now work for an AI product, and my role is working with data teams to‚Ä¶ ü•Å build AI agents! 

Why do they need them? 

So their team can ‚Äúexplore the power of chat bots and agentic AI‚Äù

What do I end up doing? 

‚ÄúHow come my chat bot doesn‚Äôt do exactly what I want it to?‚Äù

Don‚Äôt get me wrong: love using an AI assistant here and there, especially for doc searching, but fuck I hate genAI. Like, I love Pizza but if it was everything I ate from the moment I wake up to the day I die, I‚Äôd kill a middle aged man."
2024-04-14,742,"If you mainly want to do Machine Learning, don't become a Data Scientist","The problem is that ""machine learning"" is the vaguest term in the world that encompasses everything from linear regression to ChatGPT.","My title is data scientist and honestly about 50-80% of my day is spent either using pytorch and prototyping, doing more large scale jobs on aws or preparing data so that I can then prototype on pytorch and then move toward a large scale job on hpc‚Ä¶ however after joining this sub and reading the posts, i feel like im in a unique position.",Linear regressions are my bread and butter no matter how much I try to do something better. Interpretability and consistency are more important than accuracy in my field.
2023-05-21,736,Anyone else been mildly horrified once they dive into the company's data?,"Well my company just gave me completely unanonymized HR data, including salaries, which left me horrified in several ways","You would be absolutely horrified if you looked into the economics of liquor stores. It's something insane like, if the top 10% of spenders at liquor stores changed their habits only just enough to spend the same and the 2nd highest decile, then the entire industry would go out of business.","That's more than mildly horrifying.  If you look around you'll notice a whole hella lot of the economy is predatory preying on addiction, fear, and every human weakness.  Consider the company or org you will be working for in accepting a job."
2024-10-09,729,I created a 6-week SQL for data science roadmap as a public Github repo,"Nice. If you're open for feedback, I think adding some more written articles would be very helpful. I notice most weeks contain a lot of videos, sometimes it's just faster and easier to read something ;).",Thanks a lot! My SQL knowledge is scattered so I've been meaning to do a structured course.,commenting before that one guy comes in here plugging his sql course stuff
2023-06-27,720,A small rant - The quality of data analysts / scientists,Hilarious ü§£ although i find scatter plots quite useful just for looking at the data during the eda phase of a project.,"It's funny because I can answer most of these questions, I even know alternatives to the elbow method like spectral methods or things like randomized linear algebra but I can't get an interview to save my life because I don't have experience and just finished grad school. It's nice to know hiring managers give people like that the time of day but not someone like me because I don't have fluffy garbage on my resume.","How much are you paying them? Why would a ""highly qualified ds"" apply to work for you?

Low quality position = low quality candidates"
2023-10-27,714,Didn't realize how insane the market is,"As an applicant on the other side of this process I can confirm it‚Äôs nuts. Especially as a sr. level data analyst trying to pivot to data science it‚Äôs nearly impossible to get your resume seen. That‚Äôs why you see so many repetitive posts on this sub asking for advice on how to break in to the field. It‚Äôs absolutely insane out there.

Out of curiosity, how many of those applications are complete garbage vs legit candidates who meet or nearly meet your requirements? When I see ‚ÄúXXX applicants‚Äù on a linked in posting I always wonder how much actual competition I‚Äôm up against (though it seems like recently they stopped showing the number and just say ‚Äúover 100‚Äù if it gets high‚Ä¶)",Share the job post so you can have another 1000 applicants :P,"Ya Data Science as a field is just a bit flooded at the moment. Good Luck sorting through the application. There will be quite a number of people who are not qualified for your role.

On a more positive note, you can find the unicorn in this current job market so this is a great position for your team at the moment."
2024-09-15,711,"My path into Data/Product Analytics in big tech (with salary progression), and my thoughts on how to nail a tech product analytics interview",Nice post. And nice salary too :),"I‚Äôm a product DS manager in big tech - just want to validate this is an excellent post for those interested in product data science. Nothing much to nitpick here at all, great job!!

For product cases, I recommend checking out some product manager books. I find they help folks get the framing right and helps with some basic product sense","Thanks for sharing, this is really useful for someone like me trying to decide where to direct my career. One question, what is your eduction background?"
2025-01-23,699,The most in demand DS skills via 901 Adzuna listings,What's AI skill?,You're gonna love [job.zip](https://job.zip/),Where are EXCEL and POWERPOINT????
2024-11-14,693,PSA: You don‚Äôt have to be elite to work in this field,"Thank you. 

I am starting to think I need to leave this sub. So many people on here are doing incredible things and most of my day is ad-hoc queries and reports. The post yesterday about ""data scientists who just do Jira tickets have no-one to blame but themselves"" really, really messed me up. I feel like I work hard and now the sub is saying I don't deserve my job title.

I appreciate the different perspective","There are plenty of data scientists working at FAANG who aren't that great. Saying you are in the top 10% just because you're at a FAANG isn't an accurate statement. That said, I agree with you overall. There are tons of great data scientist jobs outside of FAANG.",This is great to hear honestly. I‚Äôm graduating in May with my masters in DS and really worried about the job side of things. Feels like some of these companies are looking for the moon during applications and it‚Äôs worrying
2024-01-24,684,"Is it just me, or is matplotlib just a garbage fucking library?","We rarely use matplotlib directly. If you use a library which uses matplotlib as a backend, then of course you have to deal with it a bit; but otherwise I strongly suggest to use plotly instead for your own visualizations.","If memory serves, matplotlib was essentially copied from the equivalent Matlab library because that was the most popular option at the time. They implemented a lot of things in the ""Matlab way"" to minimized transition costs which makes the interface awkward and non-Pythonic.

It's an old library that has a lot of momentum and a lot of legacy users. But you don't have to use it. Most people I know have long switched to other options. It's slowly fading away as the more modern libraries take over.","Yup, I agree. You can create amazing plots with matplotlib, but it's not going to be a fun experience. Plotly is better, seaborn also helps but is still dependent on matplotlib for many things.

I'm a Python guy, but ggplot2 is absolutely so much better to work with than any python plotting library."
2024-04-15,679,WTF? I'm tired of this crap,"Data professional could mean being a data entry clerk, or working as a data analyst using only Excel, and maybe a little bit of SQL. I wouldn't read too much into it.",I think this is just an accurate post. Data professional covers a broad range of jobs where the primary function is working with data. There are plenty of jobs under that umbrella that do not require programming. Analyst/entry/design. It doesn‚Äôt mean top tier data jobs don‚Äôt require programming. What a strange thing to rage about.,It feels like you posted this looking for a reason to be outraged.
2024-03-22,677,"DS Salary is mainly determined by geography, not your skill level","Well, yeah.

If a job exists in a country it tends to pay relative to the cost of living in that country, or at least relative to how much other jobs in that country pay.

Also, no. You generally can't just work remotely for a US company and get the geographic pay difference. They'll want to pay you based on where they owe taxes on your income.","This applies to every job so it isn't a surprise. An accountant in the US will usually earn more than the same profession in Nigeria (to pick a random place). Also most people can't easily move countries. You might as well remove geography from the data, and maybe we get something more insightful out of this.","That's true for every job because cost of living and economic strength of a country determine average salary level.

So what's the feature importance if we account for that and which countries do pay less/more for DS relative to their median salary?"
2023-04-06,665,"Pandas 2.0 is going live, and Apache Arrow will replace Numpy, and that's a great thing!",Thanks for this helpful post!,"The performance shittiness of pandas is a large part of why I've started moving things into rust as I productionize them. 

They still don't really have a way to address the largest issue which is that it can be tremendously hard to maximize machine utilization in python due to the GIL, and doing so requires time-consuming backflips to avoid python code. 

All I want is to saturate my workstation's cores when processing data, every time, without having to think about it. I don't need something insane and large like spark, just a programming environment that isn't hobbled by bad decisions where parallelization works the way it should, constant factors are low on strings and common data structures, and there is zero penalty for ""using the language"". I just want to see 3200% CPU in \`top\` when I'm waiting for steps to run. Is that so much to ask? 

The downside of Rust is that it's a pretty picky language to code in. Nothing's perfect, but I write the code for production batch pipelines once and wait for it to run hundreds or thousands of times, so spending a little longer up front generally works out for me .",Polars ‚úåÔ∏è
2023-09-29,648,It's not just you. Everyone hates the return to office,"My company had almost no travel to office this year. We just had a company meeting where they apologized they weren‚Äôt able to bring everyone in more, but the savings from that means everyone still gets a bonus. People were saying appreciative saying things like ‚Äúthank you for your sacrifice‚Äù. Meanwhile I am like ‚ÄúFirst time I ever got a bonus for NOT coming into work‚Äù.",When you dedicate 1.5+ hours of your day to commuting to a place where the preferred method of communication is electronic. ü•≤,My company completely ditched the offices.  We have a few people with wework passes that want to go in and we'll have a happy hour once a month if you choose to go in.  If a company needs you to go into work and you can do your job from home they should have to pay for your commute time IMO
2023-10-13,641,Warning to would be master‚Äôs graduates in ‚Äúdata science‚Äù,"Yep, grade inflation is real and universities lie. This is one reason why we have unemployed grads and unfilled job openings. I can teach a junior analyst ML. I can‚Äôt teach you 4 years of math.

Edit: A lot of people are asking about which courses are best. You need a baseline level of math fundamentals like algebra, calculus, and statistics. It‚Äôs not about knowing specifics it‚Äôs about being math literate so you can grow your skills over the next 30 years.",I feel ya. I completed a MS in Applied Data Science for gobs of time and money and then completed two Google Data Analytics certs (the regular and advanced) and found the certs to be way more valuable in terms of useful tools and skills taught.,"> If a DS course doesn‚Äôt have at least one serious course in statistics, any SQL, and doesn‚Äôt make you solve real programming problems, it's no good.

I've been looking at 2-3 different online MS-DS programs from accredited non-profits.  After weeding out programs that were a bad fit or didn't look serious, all of the remaining possibilities require courses in statistics and SQL.  I'd have to look again, but I don't think any of them are advertised as 1 year programs.  I can't speak to whether they make you solve real programming problems or not at this point.

So, this raises 2 questions for me:

1.  What do you consider to be a prestigious university and where's the cutoff before it becomes too undistinguished, and therefor a scam in your opinion?
2. If the university isn't prestigious by your definition, but they do require significant coursework in statistics and SQL, and aren't advertised as 1 year programs, how likely are they to be a scam?"
2023-04-23,643,Weekends are for extra-work for your job ;),Lol he‚Äôs just farming engagement so he can sell more of his books about a job he‚Äôs never actually been hired for,"I think this dude posts here periodically and although he shills his own books and shit, he seems mostly well intentioned from what I've seen. Having said that, this is a shit take will just lead to burn out or resentment of co-workers when the extra work goes unnoticed/unappreciated. 

If you're really so career focused that you have the blinders on 24/7 for real life, idk maybe talk to a therapist, or try getting a hobby/volunteering. At worst, you might become a more well rounded and interesting person. At best you might be more efficient at work and probably a more pleasant co-worker. Both of which can help your career just as much or more than extra unpaid work. You might even find more fulfilling career opportunities when the corporate droning becomes too much.",It's also a good way to like burnout and be awful to be around.Neat!
2023-01-03,624,Here‚Äôs another predatory unpaid internship that‚Äôs offering a promotion to a CTO title,"Some relevant math:

                         1-10 people in India
    +                agile AI-powered finance
    +          might promote an intern to cto
    _________________________________________
    =     we have a vague idea for a business
     but no employees with any tech knowledge
    please build our entire platform for free

Like, seriously, this isn't a company, it's just some dude fishing for a desperate CS student to make them a website that's somehow profitable. [incense.ai](https://www.incense.ai) isn't even a registered domain, if you're going to pose as a company whose name is a URL at least shell out a few bucks for a ""coming soon"" site first.",Intern to CTO lol,Congratulations on the promotion to unpaid CTO!
2025-02-12,620,AI Influencers will kill IT sector,"""GenAI is going to change the world. Fire your workforce and replace it with AI agents."" 

""Can it answer simple questions correctly?""

""Usually, I guess."" 

""You son of a bitch, I'm in.""","Why don't we push AI against managers?
""Look at this AI tool thst does everything a manager can do and works nonstop 24/7""","The problem is, when they replace skilled workers with AI, assuming said AI will be able to function and develop as they wish, it puts their neck on the line.

Most of us who work with ML know that we develop but most importantly we present and maintain, when üí© goes south, we fix it. AI is nowhere near the quality to replace an experienced MLE/DS, and someone who has domain expertise and most importantly can translate business problems to DS/ML solutions. 

These tech illiterate managers don‚Äôt even know how to write good prompts, I doubt they‚Äôll succeed. Let them try and burn themselves in the process."
2023-11-07,612,"Python pandas creator Wes McKinney has joined data science company Posit as a principal architect, signaling the company's efforts to play a bigger role in the Python universe as well as the R ecosystem",Please @god tell me this leads to a pandas replacement that isn‚Äôt such a jumbled mess,Maybe they will create a PyStudio. That would be great :). No Python IDE is so optimized for data analysis as RStudio for R.,"Glad to see Posit really trying to bring in the Python users. Conf was a really good time this year, looking forward to their future."
2023-09-12,602,[AMA] I'm a data science manager in FAANG,"Recruiting based question: what advice would you give to an experienced DS who is hasn‚Äôt worked in Tech/FAANG but want to jump to that? Advice regarding resume/skills, etc. 

Job related: what skillset/tool/know-how do you feel is necessary for a job in Tech/FAANG that isn‚Äôt given attention in usual DS conversation?","Hi, I have bout 10 years of data scientist, MLE, team lead, and PO experience. My questions may be a bit weird but: 
  
Is your team skill based or product based? Ie do you only have data scientists or also engineers, devops etc within the team to quickly work together on deliver end functionality?  
 
I've seen too many data scientists strive to be experts of DL or statistics only, so should the common data scientist not strive to also be able to a certain extent to build ETL pipelines, know coding workflow and best practices vs notebooks and scripting, and have ""jack of all trades"" skills throughout the stack? 
 
Were the models built in your team of a custom architecture, or more pre-existing models like resnet, xgboost etc? What other tasks does a DS IC do in your team besides building models?","For future management roles, what skills would you recommend bolstering during my early years in the field?"
2023-11-29,599,125k offer as a data scientist but I have no idea what a data scientist does,"if you can get the offer, you got the skills","DataCamp is my fave. Take the job, let them pay you to learn. No new DS is ready to go.",Broski how u getting job offers for 125k in this market if u struggling with std dev üíÄ
2025-02-25,592,Microsoft CEO Admits That AI Is Generating Basically No Value,"That's not really an accurate summary of what he said.  It would be more accurate to say that he said it hasn't revolutionized the economy yet.  Those are two very different things.

It's absolutely providing value, even if we're just talking about LLMs.  I recently fine tuned an LLM at work to replace a script we'd developed years ago to do some text interpretation.  The LLM dramatically outperforms our previous system and will save us tons of time and should make the final product better.  It's also been very useful for saving time on all sorts of relatively simple coding tasks.","The only value I see is some added automation and productivity increases. 

However, that's for companies employing it effectively. Most companies are spending more money on AI related endeavors than what the payoff could be making it a negative or at best neutral pay off.","Another big thing I'm seeing the last 4-5 years, including personally, is companies just relabeling and rebranding their existing offerings and capabilities as AI. It's all a marketing/PR ploy. We've been using the same underlying machine learning techniques for the last 20 years, and while yes we're doing it more at scale, faster, on bigger data sets integrated with other tools, etc but that doesn't mean it magically became ""AI"" one day.

5-9 years ago everything we were doing was branded Data Science and Machine Learning, 10-15 years ago it was Predictive Analytics, and 15-20 years ago it was Statistical Modeling...now it's all AI, lol. OLS Regression, Cluster Analysis, Neural Networks, Logistic Regression, and Decision Trees are AI now? Weird."
2024-07-17,595,"I published a ""data scientist handbook"" as a public Github repo",Absolute Gigachadü´°üëç,It looks great! Thank you for taking the time to provide such a comprehensive listüëèüëè,nice job
2024-02-06,595,Anyone elses company executives losing their shit over GenAI?,"I work for a consulting company and it is madness.

Managing Directors andcm managment consultants try to sell Gen AI capabilities although we don‚Äôt have anyone trained in it.

for them it is ‚Äújust build a model for next week as proof of concept‚Äù. this is all the hype these days, worst thing is that people who don‚Äôt understand the technology at all are the ones making decisions on it (tbf this has always been the case)

I personally would love to work more on these projects, but I believe if company wants to go in that direction they should understand that they need to train staff in this space first. People don‚Äôt understand how long it takes to become somewhat competent in any technical discipline","Yeah, this is the phase on the ‚Äúhype cycle‚Äù I like to call ‚Äúirrational exuberance‚Äù when execs get super excited about a technology they don‚Äôt understand and then try to use it to solve every problem like a magic hammer. It happened with a bunch of other technologies like deep learning, blockchain and the metaverse. My recommendation is to express your concerns for unqualified people to develop these tools and then if they don‚Äôt listen to you, get out of the blast radius when it eventually fails.","Our CEO asked me whom I can recommend to host a prompting training... I told him not to believe everything he reads and that prompt trainers are the newest form of social media grifters and I'll put a training together myself, plus linked him to the relevant parts of the Azure Generative AI documentation. 

Haven't heard from them since...."
2023-08-18,579,Me arguing with my wife over who will win Project Runway...,"I‚Äôm sure this is gonna bomb upvotes/comments-wise, but this is objectively at least a little funny lmfao",good friday content,Guys im lost. What project
2024-01-24,573,New grad's job hunt in for a Data Analyst role in Canada,"About me: 

Double major in Applied Math + Economics, ~3.0 gpa, no internships, lots of relevant extracurriculars + tech club leadership positions with 3 projects in data analytics, offer from one of the big 5 banks in Canada in the Financial Intelligence Unit as a data analyst.

Watch out for positions that offer you ""training"", they'll ask money from you. üôÑ

Edit: Some more information based on the questions below: 

- I started applying around early December. I got a call for the role right after New Years.

- I mainly used Linkedin to search for roles like Junior Data Analyst, Business Analyst, Risk Analyst

- This market is very bad, usually a new grad with 0 YOE could get an interview that required 1-2 YOE, I heard absolutely nothing back from those positions

- My projects:

1. machine learning project that took used a very popular videogame API to fetch player data to be pipelined into a tensorflow neural network, to predict a winning team

2. EDA + customer segmentation analysis on dataset on an ecommerce data, where I used SQL to aggregate data and then used that dataset in R to perform analysis. Showed results on PowerBI. 

3. Fraud Detection on credit card data with kNN, improved classification with SMOTE technique. Displayed results and performance of the classification algorithm with Tableau.

Other tips: 

- try to pick up some really basic level of HTML + CSS, and make your own portfolio website with HTML templates and show off your projects. Presentation is half the battle. It doesn't need to look complicated, just make it nice and neat. I got my templates from here: https://html5up.net/

- Try to make a project that is an ""end to end"" solution for something. 

- show some flair in your projects by doing something that interests you (mine was videogames, project #1), it shows personality

- one thing that the hiring manager said that stuck with me: ""I'd rather hire someone passionate with personality than someone who  looks great on paper but has no teamwork skills or social skills (all other things being equal)""",[removed],Hows the compensation for the big5 banks for data analyst?
2024-04-06,563,I made my very first python library! It converts reddit posts to text format for feeding to LLM's!,"I think it's really cool that you did not stop after writing a script for yourself, but actually went through the trouble of turning it into a full blown library that's available on pip.

That kind of experience and commitment to see things through to the end is really valuable, and will greatly help you in your future endeavors!","I've been coding close to 15 years now and never published a python library üòÖ

Really cool project and a great milestone, be proud! üëè","Amazing work! And congrats on shipping your first python package. I feel like the best way for data scientists to learn software engineering stuff is doing exactly this.

Some advice from a data scientist that has made many mistakes (and counting):

\- Great that you've used setuptools because it will teach you the fundamentals of packaging python code. For your next project look at tools like [Poetry](https://python-poetry.org/). Makes your life a lot easier!

\- [Pre-commit](https://pre-commit.com/) is your friend! It will help sense check your code for you whenever you make a commit. Here is a great tutorial: [https://www.youtube.com/watch?v=ObksvAZyWdo](https://www.youtube.com/watch?v=ObksvAZyWdo). I also highly recommend using mypy, a static type checker that will catch nasty bugs for you before they become a problem.

\- Think about how you could test the code with something like pytest. How could you mock up the Reddit API? And check out things like Github workflows, which will run the tests for you when you push a new release and even package it up and push it to pypi.

The above three are some of the first things I teach junior DS's and it usually results in cleaner code, less development time, and happier teams. 

Keep up the great work! I can't wait to see what you build next."
2023-08-31,558,Over 2 million and not a single junior position,If this is a recruiter's post they're probably an experienced hire recruiter. Recruiting for junior positions would likely be campus recruiting.,"I believe ‚ÄúPrincipal level‚Äù here means senior staff not salary level. So not posting any junior positions makes sense.

Sometimes you need experienced staff to lead teams. That‚Äôs what this post is about.",Why are there no junior positions in this list of senior positions?!
2024-03-25,554,Name & Shame: Carlyle Group Investment Data Science,"This totally sucks and I think it‚Äôs a really sad reflection on the state of DS job searching that our immediate reaction to this is, ‚ÄúYou‚Äôre overreacting. This is the baseline for job searching now.‚Äù","We don't test at that level of rigor until the end of the process, not the beginning. And we are careful about promising detailed feedback and coaching on the test whether or not they are hired, because we know it's a real investment of time and effort.

This is awful. And no, ghosting after you've taken that kind of test AND interviewed is not acceptable behavior.","Shaming a company for ghosting an applicant?  I guess that's fine but I was hoping for something juicy and corrupt behind the scenes, not something that is super common in the industry."
2025-05-08,546,The worst thing about being a Data Scientist is that the best you can do you sometimes is not even nearly enough,"I'll raise you with this: The worst is that sometimes you can prove that you increase profits, but because of politics, your solution is not implemented. That sucks even more because you'd think that once you've shown value that's enough. But that's not always the case. 

Working with unreasonable expectations set by sales is common in a lot of fields. Not only to DS.","I do start all my discussions with internal customers with the following quote from Tukey: ‚ÄúThe data may not contain the answer. The combination of some data and an aching desire for an answer does not ensure that a reasonable answer can be extracted from a given body of data.‚Äù


This is to say, that as a data scientist (well, technically a statistician), it would be dishonest for me to commit to find things than cannot be found. But what I promise is also to explain them why we can‚Äôt find an answer and what could be done to be in a better position to find answers if they do exist. Of course, you are going to lose some people over that, but you‚Äôll build stronger relationships with those who stick because they know you won‚Äôt bullshit them. Of course, it helps when you work in a regulated field where they can‚Äôt do easily without a statistician/data scientist.",What's worse is when clients expect your models and analysis to simply confirm their intuition‚Äîregardless of what the data says.
2024-08-02,545,I‚Äôm about to quit this job.,Nothing ruins your job more than having a bad boss.,"There is an old saying that people don‚Äôt quit jobs, they quit bosses. I‚Äôm sorry you have a hard time with your boss. That sucks. Below is my recommendation based on how I‚Äôve navigated similar circumstances. My boss was eventually rolled off of my work onto other work. 


Here is how I‚Äôd play it: set up time for a check in. Acknowledge that your work is not always exactly what your boss wants, and request **actionable** feedback. Ask questions such as ‚ÄúHow can I better understand your expectations?‚Äù Or ‚ÄúIs there something you feel I‚Äôm consistently missing?‚Äù And **write down the answers.**

Then you follow up with an email describing everything you heard. Thank your boss for the feedback and commit to implementing it. End it with ‚Äúplease correct me if I‚Äôve misunderstood anything you‚Äôve said.‚Äù

You now have documented evidence of the feedback. This is your safety net and it‚Äôs a way to ‚Äúpin‚Äù your boss on a set of requirements. You can refer back to this feedback as you work. If your boss continues to change expectations, then you can find time with a common supervisor (your boss‚Äô boss) and describe the issues. With the written feedback in-hand, you have documentation and support. It‚Äôs CYA.","Ngl, I was waiting for a ""the trouble is, I'm self-employed"" punchline."
2023-07-10,533,Salary ranges of data-related jobs in the United States,"the data is from the following url: https://www.indeed.com/career/salaries/data?from=whatwhere&b=data

the graph was made with Plotly

unfortunately, Indeed doesn't provide the individual observations and I was unable to make a regular box plot, instead I simplified it

I hope you find this information useful (:",data entry clerks in the us making more money than many data analyst/scientist jobs in europe lol,"I suspect the real upper bound on an ML engineer is actually much higher than public listed data.   


Source: An acquaintance of mine got hired straight out of college doing ML at google for 220k. There's no way in hell the ceiling is 40k above that."
2023-03-22,539,Anything will help your data science career.,"Yeah, I totally agree OP. I think interviewers also want to hire an actual human with real interests. Being a good hang can help nudge some of your question marks into non-issues. 

I‚Äôd bet a large portion of this sub, who non-stop ask questions about what to do, are used to min-maxing video games. Where there‚Äôs a correct and incorrect path. That‚Äôs not the case with building a career","Ok, but should I be a stats major or applied stats?

Am I doomed if I take CS with concentration in ML instead of computational stats?

What if I accidentally did linear algebra before calculus? Is my life ruined?","once you get into the real world and get a bit older you realize half the people out here dont even have stem degrees. in swe a lotta people dont have a degree at all.

please dont take this as a suggestion not to pursue the degreeof your choice!"
2025-01-10,529,SQL Squid Game: Imagine you were a Data Scientist for Squid Games (9 Levels),"Imagine the Front Man promised you a GenerativeAI job, but tricked you into Product Data Science work with SQL. It's too late to back out ‚Äì solve the 9 SQL challenges... or else:

[https://datalemur.com/sql-game](https://datalemur.com/sql-game)

r/DataScience, I want to make the levels more Data Science-y with SQL rather than simple Data Analytics stuff, especially for later, harder levels I'll be adding. Any good ideas?","What am I missing for Q1? I also tried limiting the output columns to just ID or first/last name:

    select * from player  
    where status = 'alive'
    and debt > 400000000
    and (age > 65 or (vice = 'Gambling' and has_close_family = false))",Making a study session into a game works very well for me. I‚Äôll check this out.
2023-01-13,533,A millennial founder who sold her company to JP Morgan for $175 million allegedly paid a [DATA SCIENCE] college professor $18K to fabricate 4 million accounts. Their email exchange is a doozy,Didn't they think 4M users was fishy to begin with? The app is for student aid and there are 20M enrolled college students in total (from all years).,"1. Don't do fraud.
2. If you are doing fraud, don't email anyone about it.","Honestly, 18K for 175millions, this is a great ROI."
2024-01-26,525,What is the dumbest thing you have seen in data science?,"I had a coworker on a team I worked on come back with a 99% accurate model. It nearly went into production but I was curious and took a look at the code. 

Turns out he trained on the test data and ran it for 500 epocs. It was an overfit mess.","Company spent $2M on a vendor to solve a regression forcasting problem. Vendor couldn't solve the problem so they converted it into a classification problem of more than 2 or less than 2. It was always more than 2, you didn't need a model for that. Vendor said they got great accuracy and no one paying the bill undersood enough to question it.",Building elaborate dashboards only to have coworkers asking for excel exports.
2024-05-23,522,"Hot Take: ""Data are"" is grammatically incorrect even if the guide books say it's right.",Your perspective on this issue will be largely determined by whether you are a data scientist or a datum scientist.,"One datum, two data
One Visum, two Visa

Same etymology and both singular forms have gotten rare in English. But it doesn't really matter which is correct, language evolved naturally and I suspect data as singular noun will become dominant, similar to how an American has a visa, not a visum, although in this case the plural form still exists as a distinct form","Don't really care about the technicality of it, but ""data are"" sounds stupid, so it's ""data is"" for me."
2023-02-06,511,Be careful with AI influencers marketing themself as data scientists or data experts,"True, and it's not just on LinkedIn.","Don't listen to this guy, he's just a fake Reddit expert. You can trust me, I wrote a medium post about how chatGPT is coming for every job except mine.","Generally, my heuristic is that people who tell you it's hard know what they're talking about, people who tell you it's easy don't.

It may sound gatekeep-y, but you never see MDs or Engineers saying ""you can learn to do this in 8 weeks!"" (and you certainly wouldn't take your family to an MD who went to an ""8-week medical bootcamp"")"
2024-01-25,512,"798 applications later, I got a job.",Was laid off mid-'23. 8yoe. It was rough. Turned down an offer I should have accepted. Accepted an offer and it was a shit show so I left knowing I had another offer. Really like where I'm at now.,Did your job start from referral or non-referral,What were the shitshows so at least we know to steer clear without getting yourself in trouble
2024-01-01,513,"5 years of r/datascience salaries, broken down by YOE, degree, and more","I know they say not to do a PhD for salary/corporate advancement, but this visualization makes you second guess.","This was fun to make - it's been a while since I've hand assembled data.

Notes on cleaning/processing:

* I inflation adjusted 2019-2022 using June dollars values to June 2023 (1.191x, 1.183x, 1.123x, 1.030x).
* 3 cases with TC below $30k and above $1.5 million were removed.
* Anyone reporting hourly wages was not included (hard to say how many hours they worked in a year). People reporting monthly earnings are included at 12x.
* 2 cases with >25 YOE were removed.
* Anyone starting a job in the future (or less than 6 months in) is coded at 0.5 YOE, mostly just to make the plotting easier.
* I included prior experience unrelated to data science, but excluded part-time experience and postdocs.
* Tech and Fintech cover roughly half of the salaries. The other half is somewhat equally split between finance, healthcare, and public sector work - each one individually is too small to plot with YOE, so I lumped everything together.
* If YOE is unclear, I exclude tenures with no duration given (some time as an analyst). If someone says ""x-y years"", I take the average of x and y rounded to 0.5 years.
* If reported TC is a range, I assume the mid point of the range.
* Only fully completed degrees count (e.g. 'Master's graduating next summer' = Bachelor's.",Your numbers look pretty reasonable given my salary and the ranges I see.
2023-01-03,503,The most epic DS job title,"/r/BossFights

Data Xientist - Creator of Stability, Wrangler of the Complexity",Alright hear me out... we move from excel to access.,"You know what, I appreciate the honesty from the posting. Wish more would do the same."
2023-01-24,502,ChatGPT got 50% more marks on data science assignment than me. What‚Äôs next?,"ChatGPT is not perfect. It will suggests functions that don't actually exist, have different signatures or don't really work together. It can take longer to fix up code from ChatGPT than doing it outright yourself.   


Still, it's not a bad resource besides searching on google or stackoverflow to get started on a project or look for suggestions what else could be done. I would not count it  as cheating to use it in that way.   


Next time use ChatGPT as a resource and combined with your own smarts get 100%.","And this is why there are so many posts here from hiring managers who say they interview MSDS grads who don‚Äôt even know the basics. 

It‚Äôs not that the MSDS programs are all bad, it‚Äôs that a not insignificant number of MSDS students are lazy and cheat their way through instead of taking the time to learn the material. But the university wants their money so they don‚Äôt kick them out. 

I say this as an MSDS grad who busted my ass to actually learn the material but I heard of many cases of my classmates handing off all their code, quiz answers, etc, to their friends who took a class after them. And then guess which classmates have struggled to pass interviews and get offers. Merely having a piece of paper isn‚Äôt enough to land a job.","Sounds like you need to try harder and practice more. You're right, it is a bit sad - your classmate will be doing himself a disservice in the future."
2023-09-26,504,You don‚Äôt have to be a Data Scientist,"Yeah I‚Äôm a risk analyst and I do data science things with economic data (some regression modeling, coding, etc.) still looking to get into a hardcore data science role one day","I recently transitioned to a manager of business intelligence and love it. I find the balance between business strategy and development to be perfect. 

I collect analysis requests and requirements from executives and then work with analysts to build impactful dashboards. Every couple of weeks I need to get my sleeves dirty and I'll write a Python or SQL script.","I'm just getting into the markets but it seems that project management and operations can benefit from data science and analysis. How else would things like quantitative risk analysis , process improvement and product management be done?"
2025-03-27,492,What the fuck is happening on LinkedIn and reddit with LLMs?!,Bold of you to say you like data sciencing but never mention using harmonic mean in your day to day tasks,"LLMs are another tool in the data science toolbox. Although text generation may not necessarily be a data science tool, there are useful downstream applications such as code completion and text embeddings.

They are not replacing traditional data science techniques (and the ones that say they can are the ones you shouldn't listen too), but complementing those techniques.","Same shit we saw with neural networks. Everything used to be deep learning and now I hardly see it mentioned even though it‚Äôs applied frequently.

Also the dumbest thing to come out of this is ‚Äúprompt engineers‚Äù."
2025-04-14,489,*Saw Greg pinged me & logged off immediately*,I get these types of requests routinely after hours. They wait until the next business day.  And please beg me to help you rewrite your failing query for a Monday morning meeting late on a Friday night.,"It's not the biggest deal to say, ""Yeah absolutely! I can have that ready for you by noon Monday or EOD Monday.""",I am kinda the guy that would ping people on friday but not because i expect a reply but because i would forget on monday so i leave the ball in your court lol
2024-04-04,496,"Almost 1100 jobs over the past year or so‚Ä¶ zero call back or interviews, is the market really that bad??","The market is rough these days, you have to compete with data scientists who know how to take a screenshot.","need to see your CV to tell if this is the current market problem or is it your marketability problem.

Market isn‚Äôt great now, but my spidey sense is saying this is not markets fault entirely",I think LinkedIn job applications is a sham
2023-10-01,486,My F100 company analyzed why our good data scientists are good and here's the recap,Wow I‚Äôd be very interested in how this study was actually carried out rather than the results,"a good data scientist can make things business actionable.

what i see time and time again are datascientist that are pretty much acting like they work at a kaggle competition.  spend time focusing on juicing up their accuracy metrics.  but the end product does absolutely nothing to help the business.","Can you potentially define the difference between high performer and low performer? Are there any metrics to it or did they just ask their favorite employees how they handle certain scenarios? Also this is your company, are you a high performer or low performer?"
2023-08-16,492,Failed an interviewee because they wouldn't shut up about LLMs at the end of the interview,"A couple of months ago I was in a review meeting of regression model a data scientist made to solve a problem. In the period question, one of the managers present asked if the data scientist had considered LLM to do the regression... I dunno, maybe there is something up these days with LLMs solving regressions...","Last week was interviewing a candidate who was very borderline. Then as I was trying to end the interview and let the candidate ask questions about our company, they insisted on talking about how they could use MLMs to help the pyramid scheme problem we were discussing. It made no sense. This is essentially what tipped them from a soft thumbs down to a soft thumbs up.","I had basically the opposite situation add one of my interviews a year ago. 

I had been working as a data analyst and after picking up my masters in data science I wanted to transition to a data scientist position.  I did some ml work at my previous job and obviously during my degree program and for my final project.

The hiring manager asked me about some of the models that I've used before and how I'd use them and I mentioned those that I've used in the professional context and for my major project. 

The interviewer then asked me whether I had used another type of model.  I said while I'd gone over it in my coursework I never used it in a business context.  I explained that I wanted to use the best model for the job and not to force fit an inappropriate models just because I wanted to use it in the real world.

She told me that was the perfect answer and then we went on a 5-minute discussion about how she immediately rejected an otherwise good candidate who kept insisting on using deep learning models to solve every problem.  She said that wasn't the first time it had happened. 

This was last year, when deep learning and reinforcement learning models were the new hotness.  She was telling me that people were arguing for  deep learning solutions for problems that can be solved via a much simpler and less resource intensive model."
2023-03-07,489,Rich Jupyter Notebook Diffs on GitHub... Finally.,[removed],"Did you have to use any tools to get that functional? 
I have heard of tools to transform your notebooks to be accepted into GitHub",My team works on Databricks. PRs for db notebooks are such a pain üò≠
2023-09-08,487,R vs Python - detailed examples from proficient bilingual programmers,"From my experience **Python excels** (vs R) when you move to writing production-grade code:

- in my experience base Python (dicts, lists, iterating strings letter by letter) are much faster than base types in R
- better OOP system than R's set of S3/S4/R6
- function decorators
- context managers
- asynchronous i/o
- type hinting and checking (R has a package typing that has something along these lines but nowhere to the level what Python has in terms of say Pydantic and mypy)
- far more elaborate set of linting tools, e.g. black and flake8 trump anything in R
- new versions and features coming far more quickly than R
- data orchestration/automation tools that work out of the box, e.g. Airflow, Prefect (stupid easy learning curve, slap few decorators and you have your workflow)
- version pinning, e.g. pyenv, poetry,  basically reproducible workflows
- massive community support, unlike R, Python doesn't rely on one company (Posit) and bunch of academics to keep it alive. 
- FAANG companies have interest in developing not only Python packages but language itself, even more so with Global Interpreter Lock removal
- web scraping, interfacing with various APIs even as common as AWS is a lot smoother in Python
- PySpark >>> SparkR/sparklyr
- PyPI >>> CRAN (CRAN submission is like a bad joke from stone age,  CRAN doesn't support Linux binaries(!!!)


**R excels** in maybe lower number of other places, typically statistical tools, specific-domain support (e.g. bioinformatics/comp bio) and exploratory data analysis, but in things it is better it is just *so good*:

- the number of stats packages is far beyond anything in Python
- the number of bioinformatics packages is FAR beyond Python (especially on Bioconductor)
- tidyverse (dplyr/tidyr especially) destroys every single thing I tried in Python, pandas here looks like a bad joke in comparison
- delayed evaluation, especially in function arguments, results in some crazy things you can do wrt metaprogramming (e.g. package rlang is incredible, allows you to easily take the user provided code apart, supplement it, then just evaluate it in whatever environment you want... which I am sure breaks bunch of good coding practices but damn is it useful) 
- data.table syntax way cleaner than polars (again thanks to clever implementation of tidy evaluation and R-specific features)
- Python's plotnine is good, but ggplot2 is still king - the number of additional gg* packages allows you to make some incredible visualizations that are very hard to do in Python
- super-fluid integration with RMarkdown (although now Quarto is embracing Python so this point may be moot)
- even though renv is a little buggy in my experience, RStudio/Posit Package Manager is fantastic
- RStudio under very active development and IDE for exploratory work is in some specific ways better than anything for Python including VSCode (e.g. it recognizes data.frame/data.table/tibble contexts and column names and previews are available via tabbing)","I wouldn‚Äôt build a web server with R. But anything with statistics I would use R. Practically, I would use python for data acquisition. Web scraping, API interaction, automated SQL stuff. But then use R to create models and run analytics on that acquired data.","I'll tell you why python is the better of the two languages for me: some of my coworkers know it.

I'm one of 2 data scientists at a company of 50-ish people that consists largely of software developers. Most of my work is part of our product (as opposed to business intelligence). Even if I'm the one doing the ""data science"" of developing a model, putting it into production is a team effort. It's important that my coworkers can, for example, set up python virtual environments and modify the parts of code that manage credentials. Python is also supported natively by technologies such as AWS lambda that we use."
2025-05-19,479,"""But, I still put a ton of work into it...""",‚ÄúSo you‚Äôre saying we‚Äôre not going to experience exponential growth forever? Maybe you‚Äôre not reading those numbers right‚Ä¶‚Äù,"This is real.  I‚Äôm a nurse who collects data but doesn‚Äôt analyze it.  I have literally flat out refused to believe the data analysis results.  Call it shock. Time helps and face to face discussions.  When the data says work harder and change practice, it‚Äôs a bitter truth.  We can work together to make life saving improvements.",‚ÄúAre you sure you didn‚Äôt miss a dataset from *makes something up*?‚Äú
2023-02-20,476,PyGWalker: Turn your Pandas Dataframe into a Tableau-style UI for Visual Analysis,Excellent. I have been wanting to find something like this!,Looks great!,"This looks beautiful! I tried playing with the demo and had some difficulty figuring out how everything works. Maybe a Tutorial would be good? But I've never used Tableau before, so if it's the same interface, maybe just let people know so they can look up a Tableau tutorial on their own. 

&#x200B;

However when I tried running it on my own computer, I get the same exact problem mentioned by u/lexwolfe. The problem is the same no matter what data I load into it, even loading df = pd.DataFrame(data={'a':\[1\]}) causes this problem to appear.

&#x200B;

I hope you find the fix to this problem, because this would be a really cool package to use in my day-to-day."
2023-10-28,474,PSA: Don‚Äôt become DS. Be a DA instead.,"What business need is someone who can connect insights to strategy, that‚Äôs rarely something ML can do! I have a grad degree in statistics and I work as (only!) a senior analyst.

I disagree with the idea of people being confined to crunching numbers in excel, I don‚Äôt touch excel. R/python with SQL (combined with great communication skills and domain knowledge) to derive and communicate insights from statistical tests (no ML needed) can do wonders.

Edited: walking and typing. Don‚Äôt multitask kids",Problem is there‚Äôs usually around a 30-40k salary difference between DS and DA (in the US at least).,"I know it varies across companies, but more and more it looks like the line between these is disappearing, DS just means ""DA who knows Python"" anyway, and the machine learning work is all going to MLEs."
2023-02-21,468,Laptop recommendations for data analytics in University.,They gonna make you play games on it or what?,"I found 8GB RAM not to be sufficient for my DS degree. In the end I had to pay for a month or two of Google Collab, which is always an option.",To me most of it is ok except for 1 Tb SSD and 32GB Ram. Sure it would help but that would be quite expensive especially for students
2023-06-14,467,I don't want to be a Data Scientist Anymore,"I am a phd student and 30 years old. Feeling exactly the same. I lost my desire for my area at all. I might be unable to finish my phd. I dont also have a desire for anything else that i could earn my living.

I am happy though. I am looking for how i could earn enough with least amount of stress/effort/working right now lol.","Become a data scientist for something worth fighting for! 

I am only a data analyst, but I have a data scientist on my team who left a big FAANG company to come work for a utility company because he wanted his work to actually impact the world. Now we are working together to build complex models to prevent outages and wildfires in our utility systems. 

Not saying other companies in the financial sector don‚Äôt matter, but if we‚Äôre honest, the smartest people in the world, the best engineers are working on products and things are more geared towards profit, rather than impact. Consider joining a company where your expertise will make a difference! We need more machine learning in the utility industry.","I wonder if you are letting comparison be the thief of joy. No matter how hard you work there's always going to be someone more advanced and someone less so. What you've accomplished is already something to be proud of, more technical than the work done by 95% of society. Maybe take a vacation, pursue a new hobby, refresh your social life."
2024-02-02,463,It's tough out there but sometimes you get lucky!,"Lol at ‚Äúscam?‚Äù 

Congrats!",can you share some details on the scams?,Great job! But it‚Äôs not only luck if you worked hard for it. You deserve it
2023-11-20,460,Interviewing is terrible now. They don't treat you with any respect anymore,"Absolutely my worst professional year, and for the same reasons. 

You're not alone, my friend.","Industry is hell bent on filtering out the frauds, so much so that they design processes that filter out qualified candidates. 

They‚Äôll pay for it in due time.","It's not a good job market right now. If you have a good job, keep it, imo."
2024-06-19,451,Rant: ML interviews just seem ridiculous these days and are all over the place,"Forget ML, they want all this shit even for a Mid/Senior DS role ü§¶üèª‚Äç‚ôÇÔ∏è","Honestly, interviewing today feels like this: 

‚ÄúOK‚Ä¶ now recite verbatim page 431 from Cassella  and Berger. Alright‚Ä¶ now code a decision tree from scratch. Nice‚Ä¶ here is a BFS medium problem, you have five minutes. Perfect‚Ä¶ lets finish with coding up cross entropy loss‚Äù","I'm currently interviewing for Sr. ML roles

the last spot I interviewed had a sort of generic ""ML fundamentals"" style interview -- i.e. you'll be asked some things about ML techniques and describe a project you worked on. 

entire interview was maybe 55 minutes, around 45 of which I spent going over a huge project I completed at my last job -- me and the interviewer had a great conversation (even he said so!). he then pauses me at the end and asks a question about how logistic regression works. 

note: I did not express any sort of meaningful devotion to logistic regression in my discussion; I mentioned that I had used it before to get a base level of performance but beyond that it's just not something I'm using often (I also cannot remember the last time a logistic regression was put into production... but I digress). 

I answer his question by going a bit into what the parameters mean, when you'd use logistic regression, etc. I admit I didn't give him anything particularly detailed but, remember, I had just spent 45 minutes talking about a project that *did not use logistic regression*; my mind was tired from being 'on'.

I leave the interview feeling pretty great! like the interviewer ultimately said in his feedback (which the recruiter summarized and shared with me), it was a good chat and he was impressed with my knowledge and skills!

... except I didn't pass the interview. 

why? because I didn't highlight that logistic regression can be/is optimized using gradient descent. 

I wish I was kidding, but I'm not. I was (and still am, honestly) pretty irked by the situation. it gave big 'rote memorization is key!' energy. 

note, I'm not mad at them for asking me the question; it wasn't some bullshit 'gotcha!' style question/brain teaser that were so popular back in the day. my issue is that, if the entire interview is going to revolve around whether or not I answer some (in my mind, inane) question about logistic regression -- *regardless* of what my project was and *regardless* of the knowledge I demonstrated elsewhere -- just fucking ask that question at the start and end the interview early if the person doesn't answer it 'correctly'! do you know how shitty it feels to spend 45 minutes highlighting something you've done only to, in the span of 3-5 minutes, 'fail' some kind of test? not great, Bob. not great. 

I'd also hope that, in this day and age, people would realize that just because someone doesn't offer up some phrase/concept when you ask them a question doesn't mean they don't know anything about it. I could've talked the guy's ears off about gradient descent had I known that's the direction he was looking but instead he just kind of nodded and agreed with what I said about logistic regression and went from there. 

now, maybe there were some other reasons the interviewer provided (that weren't submitted with the recruiter-summarized feedback) as to not passing me. if that's the case, well... it would have been good to know so I could modify how I describe my projects going forward."
2025-01-20,448,Anyone ever feel like working as a data scientist at hinge?,"Haven‚Äôt worked for one myself but a friend did. They were privy to some of the ‚Äúalgorithm‚Äù and basically it was designed to keep people swiping rather than maximizing high quality matches. They said they did testing of better matching but it killed engagement among the male test cohort in particular because they were getting a far higher proportion of matches in the same ‚Äúleague‚Äù. That‚Äôs in contrast to being served basically the most swiped on people, i.e hottest people. Turns out ego-checking your user base is bad for business.¬†","I have no idea what job openings they currently have but their parent company - The Match Group, which owns a bunch of online dating platforms - is in financial disarray. The stock price has plummeted. Same with Bumble which indicates the entire online dating market is struggling. Bumble had a huge number of layoffs recently. Anecdotally, there are a ton of stories out there about single people giving up on the apps and focusing on finding love outside of swiping. 

I'd be really wary taking a job with an online dating company, doesn't seem like a stable career choice.","I did some work for them - unfortunately ""is\_data\_scientist"" and ""is\_redditor"" catgorical features were values that always returned high feature importance scores."
